customer_id,tenure,monthly_charges,total_charges,churn
1,52,131.24,4044.87,0
2,15,127.93,8010.71,1
3,61,71.63,2080.15,0
4,21,106.85,5573.1,0
5,24,46.65,7344.06,1
6,3,58.11,6179.06,0
7,22,136.52,1920.85,0
8,53,21.69,3586.08,0
9,2,31.12,7848.73,0
10,30,47.03,5564.55,0
11,38,23.45,102.03,1
12,2,43.59,7621.86,0
13,64,95.8,401.35,0
14,60,74.79,7470.05,0
15,21,136.05,2064.68,0
16,33,126.27,9582.83,1
17,58,64.44,3711.01,0
18,22,53.73,3302.97,0
19,49,69.36,1531.44,0
20,59,96.74,3090.76,0
21,42,54.85,8772.68,0
22,60,101.14,9963.53,0
23,15,73.22,3714.68,1
24,62,91.77,4513.68,0
25,62,76.7,7234.61,0
26,47,58.28,8867.65,0
27,62,143.3,5950.79,1
28,51,119.27,3945.68,0
29,55,38.21,4155.59,0
30,64,132.9,6971.4,0
31,3,83.37,82.02,0
32,51,136.29,6214.91,1
33,7,123.98,3587.16,0
34,21,75.28,7952.26,0
35,39,22.92,975.26,1
36,18,54.93,5902.61,1
37,4,90.41,4835.68,1
38,60,102.35,6441.14,1
39,14,53.53,695.29,0
40,9,38.12,5820.84,0
41,53,128.54,5636.77,0
42,2,147.97,5628.57,0
43,60,88.34,6054.7,0
44,71,42.32,6780.86,0
45,44,55.4,8059.64,0
46,8,22.39,2734.72,1
47,47,138.86,8259.24,0
48,35,35.31,5007.64,1
49,36,94.95,816.73,0
50,50,55.63,632.58,0
51,4,92.04,3375.67,0
52,2,104.68,7859.72,0
53,6,127.87,7091.43,0
54,54,46.83,7896.72,1
55,4,21.43,5196.83,0
56,54,37.8,4429.98,0
57,63,137.0,1517.15,0
58,18,133.61,3315.52,0
59,44,97.66,4368.49,1
60,34,98.07,931.57,1
61,62,106.45,2245.09,0
62,14,42.8,6002.34,0
63,48,138.87,7369.85,0
64,15,74.44,9983.56,1
65,62,69.81,9334.48,0
66,40,87.46,6443.52,0
67,53,26.11,4241.42,1
68,24,41.62,6379.96,0
69,26,115.94,7867.23,1
70,60,30.76,1227.45,0
71,41,98.41,4128.55,0
72,29,51.9,8406.03,0
73,15,70.61,3869.14,1
74,45,57.53,5740.13,1
75,65,66.24,5898.31,0
76,71,113.48,1885.54,0
77,9,58.63,3654.24,0
78,1,93.63,3378.39,1
79,8,81.89,310.66,0
80,63,106.28,290.71,0
81,11,141.79,8325.39,0
82,8,115.23,2767.05,1
83,35,47.94,5204.88,0
84,35,24.05,3022.32,0
85,33,54.09,9409.76,0
86,5,97.36,2630.0,1
87,41,26.69,4325.09,0
88,28,84.53,8733.67,0
89,7,97.59,8427.24,1
90,12,63.45,1901.71,0
91,34,120.22,8036.3,0
92,33,33.86,4608.96,0
93,48,29.77,4855.54,1
94,23,114.66,1378.13,0
95,62,84.41,851.99,1
96,37,109.49,7293.0,0
97,44,76.53,4989.79,0
98,35,52.03,4396.66,0
99,65,126.48,7308.61,1
100,47,123.92,7666.85,0
101,3,110.31,1631.14,1
102,1,55.38,6121.74,0
103,5,96.73,1396.77,0
104,14,66.93,7526.18,0
105,27,31.91,6586.7,1
106,9,139.25,9568.32,0
107,15,37.79,736.13,0
108,42,143.53,617.69,0
109,51,77.98,2857.76,1
110,63,44.07,2653.97,0
111,52,90.45,2507.44,1
112,4,133.48,9067.23,0
113,23,115.19,2532.98,0
114,15,124.85,2755.9,0
115,43,105.64,7606.01,1
116,29,110.0,4524.91,1
117,36,130.4,7778.27,0
118,13,52.46,700.39,0
119,32,83.63,4901.33,0
120,71,48.76,384.46,0
121,59,148.4,673.4,0
122,28,142.73,9069.05,0
123,66,25.13,1435.49,0
124,42,111.72,5347.59,0
125,45,140.28,4140.4,0
126,62,43.47,3506.07,0
127,57,93.83,9003.34,0
128,6,139.01,267.14,0
129,28,24.41,6654.71,1
130,28,110.66,9635.77,0
131,44,58.66,5623.67,0
132,30,140.17,9371.38,0
133,62,146.24,569.97,0
134,62,142.75,4216.99,0
135,1,81.65,2638.57,0
136,27,132.07,7321.67,1
137,62,129.79,9813.91,0
138,3,61.48,2602.47,0
139,70,127.76,6559.04,0
140,27,24.81,2021.07,0
141,9,97.52,5675.04,0
142,62,49.9,4666.13,1
143,37,35.67,9721.45,0
144,51,30.0,6104.85,0
145,44,110.52,3527.59,0
146,24,64.18,1185.25,0
147,59,114.22,1554.91,1
148,32,28.5,2291.9,0
149,52,60.99,2547.12,0
150,62,90.13,8513.63,0
151,58,122.79,5634.17,1
152,52,61.44,5257.74,0
153,12,101.37,1191.95,0
154,39,135.18,8608.39,0
155,2,100.06,7242.0,0
156,3,50.28,723.3,0
157,56,23.17,7092.96,0
158,59,133.11,5458.21,0
159,2,22.77,863.17,0
160,2,133.71,4610.09,0
161,54,88.76,4872.73,0
162,1,142.08,1699.46,0
163,19,123.84,9459.7,0
164,2,149.73,8507.25,0
165,53,65.59,6706.77,1
166,44,119.73,4649.84,0
167,32,72.25,4147.07,0
168,70,82.38,6527.19,0
169,32,101.58,5477.05,1
170,68,133.58,669.62,0
171,55,147.93,5149.4,0
172,56,119.88,8073.72,0
173,17,74.31,4619.44,0
174,38,74.78,566.97,0
175,24,115.89,7873.47,0
176,69,51.04,2053.57,0
177,70,34.36,2623.28,1
178,11,66.1,1688.83,0
179,16,57.34,3335.64,0
180,59,58.52,7579.68,0
181,70,50.37,5217.89,0
182,3,25.47,2088.57,0
183,20,22.32,8784.41,0
184,59,148.4,8801.84,0
185,36,75.61,8712.26,1
186,19,69.96,2426.02,1
187,67,108.35,4539.83,0
188,19,48.37,9850.65,0
189,20,143.49,7731.52,1
190,71,122.22,320.32,0
191,52,31.62,698.79,1
192,33,74.29,4666.12,0
193,40,134.29,9096.74,0
194,39,142.82,5410.08,0
195,1,80.76,5003.23,0
196,11,99.74,1099.46,0
197,57,41.71,6584.96,0
198,50,148.85,8229.93,0
199,23,50.12,3835.18,0
200,31,142.56,7767.34,0
201,42,104.45,9646.54,1
202,7,99.01,2077.48,0
203,16,86.65,5257.13,1
204,60,49.99,2907.02,0
205,2,42.95,7938.9,0
206,1,48.66,5797.05,1
207,48,44.24,6364.1,0
208,12,121.35,7989.25,0
209,69,65.52,3989.91,0
210,37,27.52,9155.15,0
211,32,145.98,5353.64,0
212,9,134.89,1621.65,1
213,19,140.61,6974.2,0
214,48,149.34,7942.95,0
215,3,42.61,3201.78,0
216,20,71.51,8578.93,0
217,24,118.57,9066.13,0
218,54,110.48,2805.2,0
219,33,40.01,9836.04,0
220,24,126.06,1450.08,0
221,36,49.18,2060.06,0
222,38,49.1,1883.04,0
223,25,89.81,8945.2,0
224,18,97.08,6560.21,0
225,66,95.41,1563.44,1
226,54,31.89,4431.22,0
227,35,134.07,6172.22,0
228,61,54.53,880.47,0
229,41,36.84,8830.04,0
230,33,135.54,8045.86,0
231,68,144.23,5076.81,0
232,33,132.08,9672.91,0
233,14,125.24,4206.72,0
234,21,105.18,9841.9,0
235,48,91.61,6695.8,0
236,20,31.31,6364.98,0
237,8,73.1,1701.25,0
238,7,68.45,8825.18,1
239,67,53.77,4303.52,1
240,17,114.04,1664.22,1
241,33,84.46,175.44,1
242,48,30.54,5619.57,1
243,59,48.62,5297.63,0
244,22,108.82,7207.57,0
245,30,29.9,8908.07,0
246,38,130.66,840.1,0
247,51,84.37,7328.39,0
248,54,82.48,1914.75,0
249,8,97.01,8588.86,0
250,27,127.21,8199.68,0
251,27,65.22,5430.9,1
252,21,108.14,7116.92,0
253,30,93.55,3177.78,0
254,28,54.71,4738.12,0
255,64,134.22,8225.29,0
256,69,123.67,4619.69,1
257,61,105.6,3610.09,0
258,48,130.58,4967.41,1
259,19,132.75,8291.08,0
260,4,112.09,3385.32,0
261,35,128.81,1778.93,0
262,64,110.67,7134.54,0
263,49,108.42,8268.48,0
264,17,100.42,1051.34,0
265,44,117.85,2436.75,0
266,30,40.62,1462.62,1
267,46,134.51,3512.02,0
268,6,133.34,4530.99,1
269,37,23.8,7500.82,0
270,24,127.36,6528.92,0
271,46,36.75,6228.24,0
272,53,63.57,3556.13,0
273,60,116.66,8422.4,0
274,63,40.9,4739.31,0
275,32,126.34,9792.09,0
276,33,128.18,6359.71,1
277,67,85.97,1306.33,0
278,18,20.83,6777.97,1
279,25,57.31,3284.78,0
280,54,100.2,6878.96,0
281,58,147.55,742.93,0
282,67,102.14,1790.07,0
283,46,53.77,8564.59,0
284,24,102.42,2310.44,0
285,32,90.2,8378.56,0
286,47,121.38,2828.8,0
287,23,33.91,6446.68,1
288,66,118.93,6956.8,1
289,27,90.36,5150.91,0
290,2,145.19,3087.84,0
291,17,64.44,2165.81,0
292,33,102.24,380.23,0
293,9,141.16,3074.27,0
294,43,33.33,6548.97,0
295,48,141.84,9386.13,0
296,39,109.43,8718.48,0
297,42,28.82,7672.34,0
298,26,59.13,7895.05,1
299,50,112.06,6666.6,1
300,25,28.76,2639.85,0
301,24,95.68,9076.59,1
302,13,64.96,6723.79,1
303,60,100.72,5626.38,0
304,7,25.95,1154.35,0
305,57,133.3,4498.2,0
306,36,146.55,4630.56,1
307,45,145.95,8652.41,1
308,20,117.45,5489.15,0
309,65,36.91,3834.99,0
310,8,118.57,9769.16,0
311,16,23.2,1151.67,0
312,14,22.88,4254.36,0
313,15,62.07,468.15,1
314,66,83.52,7412.05,0
315,32,120.15,9184.86,1
316,63,108.83,2836.37,1
317,51,77.97,8590.5,0
318,25,55.57,2957.57,0
319,58,149.63,9112.16,0
320,63,75.4,7551.92,0
321,62,78.68,8058.82,0
322,22,41.27,229.17,0
323,58,123.33,9629.96,0
324,58,110.18,7280.38,0
325,49,48.7,3082.27,0
326,52,30.71,8302.48,0
327,42,108.46,2851.14,0
328,70,105.09,8733.9,0
329,15,55.52,1170.17,0
330,54,143.61,7051.68,0
331,60,39.64,5429.95,0
332,8,76.2,1010.52,0
333,53,142.67,2456.84,0
334,60,74.56,173.42,0
335,5,103.01,4714.24,1
336,68,71.69,3047.59,0
337,6,55.65,6003.66,0
338,47,147.92,3007.52,0
339,55,73.21,3034.2,0
340,40,136.23,7444.77,0
341,52,49.89,529.02,0
342,16,47.7,9033.81,0
343,13,24.05,8530.03,0
344,30,104.72,6694.66,0
345,19,67.91,5952.55,0
346,17,132.37,8928.41,0
347,63,81.52,1894.04,1
348,19,145.87,835.74,0
349,58,44.12,2433.13,0
350,55,132.92,7956.05,0
351,62,120.96,394.97,0
352,23,120.22,5848.93,0
353,9,129.82,9954.6,0
354,12,118.93,8564.18,0
355,1,101.41,5238.38,0
356,58,37.06,683.23,0
357,1,24.23,8322.17,0
358,34,139.71,6009.84,1
359,48,100.16,1193.58,0
360,1,123.55,983.88,0
361,16,82.6,9100.79,0
362,61,35.25,6708.54,0
363,64,36.27,8301.4,0
364,63,109.12,8795.84,0
365,69,75.94,5739.13,0
366,22,46.07,5198.59,0
367,67,83.91,4332.75,0
368,26,28.35,3203.62,0
369,16,95.66,4374.23,1
370,51,54.97,7750.1,0
371,57,123.68,6039.14,0
372,29,60.35,8930.61,0
373,69,79.18,4461.63,0
374,47,21.51,6090.54,1
375,62,29.42,6331.51,0
376,69,71.02,5937.39,0
377,16,82.39,7041.21,0
378,48,98.0,2412.46,0
379,39,57.92,5148.02,0
380,33,110.35,1087.04,0
381,23,131.82,3875.89,0
382,10,121.38,4902.29,0
383,69,25.15,6539.63,0
384,34,82.47,9507.78,1
385,52,33.64,6026.48,1
386,10,51.47,7448.76,1
387,19,148.27,5087.35,0
388,58,38.52,6359.34,0
389,1,84.86,755.78,1
390,69,100.36,2581.2,0
391,4,111.32,3650.44,0
392,16,92.75,4751.31,1
393,24,21.27,504.21,1
394,2,62.44,1443.24,0
395,32,87.3,2804.3,0
396,24,31.42,9716.75,0
397,12,65.58,3346.9,1
398,50,24.32,4846.31,1
399,35,30.22,2001.17,0
400,33,71.6,6127.26,0
401,33,37.25,2842.8,1
402,61,93.78,2109.58,0
403,51,109.63,5189.9,0
404,43,124.08,104.78,1
405,12,46.02,126.26,0
406,67,41.77,2229.73,0
407,65,33.59,415.38,0
408,33,102.74,1124.86,0
409,40,111.84,3421.66,1
410,43,24.11,8035.73,0
411,44,141.71,5741.88,1
412,29,26.76,5151.04,0
413,13,90.37,2970.21,0
414,12,112.18,9320.95,0
415,46,133.23,4000.3,0
416,2,112.83,916.57,0
417,35,124.22,6189.81,0
418,8,64.13,1182.69,0
419,26,125.93,3484.97,0
420,34,30.41,5098.75,0
421,7,136.33,8748.51,0
422,68,91.19,4960.79,0
423,58,126.25,7037.47,0
424,29,78.8,9928.53,0
425,36,103.67,1358.32,0
426,21,88.43,2783.58,0
427,36,115.11,3976.03,0
428,10,30.61,4247.19,1
429,24,27.85,4139.66,1
430,64,52.12,9080.73,0
431,49,40.74,7154.62,0
432,36,133.33,6098.66,1
433,24,48.5,3128.26,0
434,23,146.86,8246.71,1
435,62,63.8,9552.85,1
436,37,43.68,8220.92,1
437,12,122.66,65.57,0
438,55,105.63,6382.19,0
439,13,84.77,558.8,0
440,23,92.2,2613.19,0
441,30,113.5,642.27,0
442,17,49.7,6057.76,0
443,62,149.52,6881.57,0
444,13,146.72,1189.15,1
445,59,104.54,3869.2,0
446,19,45.94,4589.55,1
447,49,108.43,3722.08,1
448,12,29.39,1254.2,0
449,61,23.98,4218.53,0
450,19,53.5,7524.22,1
451,9,80.14,756.53,0
452,71,132.88,847.79,0
453,28,114.53,3579.97,0
454,52,116.55,9420.17,0
455,16,75.31,6702.3,0
456,69,64.97,6802.77,0
457,12,68.24,3651.1,0
458,25,148.39,5956.92,0
459,52,25.21,150.81,0
460,53,132.71,6379.16,0
461,23,95.23,9137.21,0
462,16,77.02,6145.11,1
463,57,114.28,8743.3,0
464,39,83.27,7253.53,0
465,53,133.55,1249.56,0
466,42,137.09,9029.41,0
467,58,74.82,711.12,0
468,39,55.99,5362.98,1
469,14,97.01,1464.26,0
470,5,138.61,166.48,1
471,35,47.39,4249.24,0
472,18,100.99,2985.66,0
473,9,102.1,4885.7,0
474,58,115.3,5793.14,1
475,17,37.1,485.2,0
476,7,113.06,1273.88,0
477,46,138.17,5608.49,0
478,13,43.36,3464.52,0
479,40,50.88,7305.28,0
480,42,146.28,6540.3,0
481,9,43.53,8463.76,0
482,50,131.07,6940.3,0
483,27,84.0,4327.81,0
484,66,52.14,6746.02,1
485,5,133.2,2790.04,1
486,29,77.89,3097.82,1
487,37,86.93,7900.4,0
488,38,66.7,4491.87,0
489,8,97.08,7993.88,0
490,65,41.26,8233.1,0
491,17,70.84,8582.75,0
492,71,146.02,9170.52,0
493,45,53.56,4338.3,0
494,4,105.38,3222.72,0
495,36,62.27,5842.88,1
496,70,120.55,3743.17,0
497,31,37.01,6030.69,0
498,19,146.08,7070.58,0
499,61,78.99,6899.63,0
500,54,50.69,3776.8,0
501,39,29.55,1710.26,1
502,19,42.07,4333.77,1
503,39,87.57,1468.81,0
504,67,63.81,8906.47,1
505,45,127.75,3491.48,1
506,13,76.02,1586.87,1
507,58,52.33,303.21,1
508,20,100.23,6475.93,0
509,61,111.88,6387.18,0
510,39,41.72,3439.01,0
511,1,41.79,763.53,0
512,3,24.77,4125.81,1
513,62,115.73,3146.61,0
514,63,106.29,6787.35,0
515,25,81.7,6077.5,1
516,56,129.74,3677.71,1
517,33,124.74,2218.03,1
518,38,96.1,9880.96,0
519,6,132.88,4567.32,0
520,58,46.76,6898.33,0
521,44,34.55,1448.5,0
522,45,55.07,4881.62,0
523,32,27.42,323.99,0
524,45,89.05,5079.28,1
525,61,141.76,9641.97,0
526,47,25.11,3872.86,0
527,21,35.87,438.01,0
528,36,78.79,358.01,0
529,19,141.4,3910.47,0
530,20,61.1,1642.25,1
531,57,85.94,282.35,0
532,18,25.4,7574.33,1
533,47,39.28,4612.3,0
534,49,148.26,2927.99,1
535,14,145.47,9005.83,0
536,15,20.64,1205.58,0
537,31,143.74,9561.39,0
538,1,103.09,3173.97,1
539,54,132.83,8889.62,0
540,3,79.12,6049.28,0
541,16,87.03,8275.74,1
542,57,83.55,9840.93,1
543,12,106.69,2919.63,0
544,16,38.15,9613.3,0
545,24,23.9,3925.34,0
546,28,60.03,3885.84,0
547,8,111.61,3436.85,0
548,36,46.24,5437.01,1
549,8,107.55,1583.74,1
550,58,146.09,5559.43,0
551,60,32.21,5439.96,0
552,50,107.44,7630.92,0
553,28,77.69,8344.82,1
554,41,132.86,4432.39,1
555,64,43.03,3058.22,0
556,27,110.04,2630.38,1
557,63,128.95,1986.51,0
558,17,142.8,623.59,0
559,33,108.82,3457.36,0
560,29,84.63,2738.96,0
561,13,100.32,9665.85,0
562,46,132.96,5599.2,0
563,35,94.18,3505.41,0
564,6,23.95,5825.65,1
565,69,141.02,1435.01,0
566,47,109.64,4468.24,0
567,25,107.95,6281.03,0
568,66,48.04,4914.53,0
569,10,105.66,4047.7,0
570,56,71.2,9938.79,0
571,30,104.66,8809.13,0
572,5,33.86,6252.89,0
573,33,105.52,5715.3,0
574,65,149.92,6225.57,0
575,18,26.27,2053.06,0
576,49,147.03,3981.62,0
577,11,72.9,442.62,0
578,26,133.2,4781.68,1
579,63,121.71,5453.09,0
580,59,93.71,2316.11,0
581,27,116.0,9642.09,1
582,49,134.21,9099.07,0
583,33,72.54,7235.33,0
584,1,62.51,5357.2,1
585,21,106.79,8706.19,1
586,55,125.02,1349.99,1
587,6,119.1,7915.57,0
588,69,123.72,1291.97,0
589,5,76.63,7952.4,0
590,3,126.32,2793.89,0
591,53,35.63,8777.05,0
592,23,90.78,9443.22,0
593,53,20.75,1530.52,1
594,37,62.2,4653.62,0
595,17,67.64,9810.82,0
596,1,71.5,4859.9,0
597,51,110.41,8642.3,0
598,45,70.51,5907.88,0
599,4,78.33,3784.53,0
600,62,50.88,2893.55,0
601,65,68.52,2072.07,0
602,32,49.55,7629.89,1
603,34,29.52,3896.08,1
604,39,98.45,5137.19,0
605,26,106.87,4948.64,0
606,34,100.53,5793.93,1
607,54,80.25,8662.49,1
608,3,69.37,9808.36,0
609,50,132.23,4105.46,0
610,12,87.48,8283.81,0
611,65,82.29,7657.05,1
612,54,23.33,5756.61,1
613,5,64.36,9562.67,0
614,57,69.43,2044.72,1
615,17,71.85,1137.18,0
616,47,95.42,8546.92,1
617,23,89.37,4419.54,0
618,14,99.03,8477.34,1
619,66,119.43,8936.25,0
620,51,125.69,671.45,0
621,38,113.36,8840.47,0
622,64,144.22,4510.77,1
623,38,22.37,5128.8,1
624,50,45.45,6284.6,1
625,30,20.98,9267.51,1
626,51,104.17,240.21,0
627,63,136.74,4794.59,0
628,52,51.65,6892.83,0
629,38,140.51,7240.93,0
630,30,27.83,6940.7,0
631,51,141.48,1387.63,0
632,5,65.71,3028.99,0
633,29,33.18,3619.22,0
634,4,83.16,8054.15,0
635,10,53.38,2823.66,0
636,56,57.03,2146.51,1
637,17,59.95,9576.61,1
638,17,124.39,138.19,1
639,69,90.09,9978.32,0
640,34,60.47,6784.37,0
641,6,99.34,8293.27,1
642,53,113.1,2981.46,0
643,66,55.44,192.44,0
644,43,73.76,7391.8,0
645,23,35.85,8349.74,0
646,55,43.55,7417.74,0
647,16,108.55,1471.36,0
648,8,43.59,7546.61,0
649,4,88.27,7700.78,0
650,4,112.18,6602.48,0
651,56,33.89,7672.85,1
652,25,93.75,8466.92,0
653,67,53.35,6155.36,0
654,67,145.18,931.62,1
655,27,82.86,4901.9,0
656,32,124.78,822.61,0
657,50,91.53,4105.05,0
658,61,25.64,4100.71,0
659,51,102.31,706.8,0
660,19,143.68,3520.76,1
661,21,98.21,1154.43,0
662,5,126.49,8091.94,0
663,42,134.95,9479.5,0
664,61,49.65,769.55,0
665,22,47.57,9553.4,0
666,21,99.43,5249.64,0
667,70,73.43,3030.68,0
668,1,129.18,814.78,0
669,5,137.0,5031.21,0
670,12,65.94,7955.43,0
671,46,50.79,7085.51,1
672,34,121.47,549.75,0
673,49,55.72,775.37,0
674,45,126.94,4058.59,0
675,27,75.09,2988.14,0
676,26,106.78,2362.22,0
677,47,32.42,2845.99,0
678,56,101.1,8044.65,1
679,63,78.73,9295.82,1
680,48,96.26,4080.77,0
681,61,41.84,9065.8,0
682,26,115.79,3248.88,1
683,36,132.16,4790.55,1
684,1,48.18,2298.99,1
685,8,32.44,6422.74,0
686,52,23.07,9790.86,0
687,47,103.46,6054.76,0
688,56,98.92,3610.25,0
689,14,91.07,6495.78,0
690,28,50.15,1273.06,0
691,2,70.82,8892.16,1
692,26,97.28,5055.69,0
693,14,84.58,4521.03,1
694,59,148.41,5879.35,0
695,56,37.74,6266.6,0
696,7,110.37,764.17,0
697,3,72.56,6842.04,1
698,23,75.67,2457.22,0
699,18,113.29,7153.83,0
700,38,110.02,8234.22,1
701,15,148.86,8049.39,0
702,64,36.69,5547.38,0
703,28,33.53,5225.69,0
704,39,114.16,1471.62,0
705,57,95.19,7764.69,0
706,17,55.64,2750.52,0
707,44,30.32,4992.12,0
708,25,31.14,2878.53,0
709,17,136.24,1381.59,0
710,13,44.94,6314.1,0
711,25,62.04,590.6,0
712,68,49.47,7499.02,0
713,10,66.15,3209.99,0
714,67,29.03,51.34,0
715,18,87.48,5135.73,0
716,34,28.79,516.18,1
717,8,124.05,2797.89,0
718,40,50.38,7084.42,1
719,42,90.2,673.76,1
720,41,134.41,8401.42,0
721,6,104.61,88.01,0
722,52,89.28,2505.9,0
723,26,62.16,7422.0,1
724,64,63.29,3196.89,0
725,59,107.03,1063.83,0
726,56,149.24,3634.33,0
727,59,106.04,2740.41,1
728,70,92.51,8434.98,1
729,33,114.98,3167.81,0
730,53,80.48,7899.88,0
731,22,27.82,8924.13,0
732,21,93.1,4366.48,0
733,70,144.49,9103.93,1
734,70,42.79,3804.31,0
735,4,109.7,9642.58,0
736,62,46.12,938.43,0
737,62,89.66,6885.84,1
738,24,32.57,4963.45,1
739,55,78.55,3907.11,0
740,9,118.3,6345.48,1
741,3,65.18,7053.38,0
742,31,106.44,93.41,0
743,40,123.41,1711.18,0
744,36,140.53,7144.81,0
745,24,50.5,6680.53,0
746,6,71.91,9662.17,1
747,66,39.81,7622.33,0
748,4,149.02,9510.19,0
749,6,140.51,7040.28,0
750,51,90.19,3015.62,0
751,62,129.46,1098.38,1
752,57,87.72,7829.15,0
753,66,101.07,6459.28,0
754,8,31.59,529.45,1
755,26,118.19,3632.5,0
756,51,36.6,9570.16,0
757,45,127.39,5028.99,0
758,44,121.66,4355.65,0
759,5,112.14,4604.11,1
760,70,24.7,2128.38,1
761,26,59.41,3718.64,0
762,68,54.2,3729.64,1
763,19,66.82,570.93,0
764,20,31.39,7687.3,0
765,12,141.8,4194.22,0
766,47,91.99,8230.69,0
767,1,59.72,8510.96,0
768,14,71.61,2159.34,0
769,64,78.14,6590.67,1
770,38,98.08,4749.2,0
771,37,87.04,8807.56,0
772,11,139.52,2196.62,0
773,3,84.61,6794.24,0
774,33,148.98,6097.13,0
775,6,130.69,2988.25,0
776,50,47.11,1409.18,1
777,10,140.98,6533.82,0
778,5,35.13,7399.04,0
779,23,126.27,3190.49,0
780,10,69.48,6466.08,0
781,44,134.14,3981.55,0
782,2,132.85,7146.41,0
783,13,124.77,2032.19,0
784,40,122.7,8907.64,0
785,2,59.61,2909.73,0
786,65,30.52,3709.47,0
787,63,72.39,628.01,0
788,17,42.56,1159.55,1
789,9,110.34,5182.83,0
790,15,64.99,2712.55,1
791,24,146.83,8363.03,0
792,38,103.33,196.2,1
793,35,126.92,3821.99,0
794,49,37.23,3406.59,0
795,69,132.06,242.31,0
796,62,139.96,1287.47,1
797,60,83.32,4165.74,0
798,50,98.81,4954.0,0
799,9,119.43,4072.68,0
800,34,42.73,5332.83,1
801,35,85.33,5971.56,0
802,1,71.83,148.74,1
803,40,39.03,4667.75,0
804,64,67.78,9636.82,0
805,22,28.86,5214.37,0
806,60,23.36,6791.55,1
807,64,37.57,3153.05,0
808,11,145.2,7751.21,1
809,14,91.44,7740.57,0
810,60,145.56,5236.9,0
811,30,76.22,9761.34,0
812,35,60.54,1299.22,0
813,37,85.8,218.63,1
814,5,77.14,7713.07,1
815,26,33.74,8081.2,1
816,62,103.31,1246.06,0
817,4,48.08,2692.55,0
818,42,100.55,224.65,0
819,18,104.53,2968.42,1
820,40,39.76,7742.76,0
821,39,27.98,5203.71,0
822,14,121.5,3513.55,0
823,32,79.77,3748.81,0
824,51,27.56,63.47,1
825,38,149.33,3033.02,0
826,23,27.51,6482.26,0
827,63,110.35,9743.23,0
828,15,147.88,8478.26,0
829,25,51.09,284.77,0
830,17,38.49,8990.68,0
831,66,35.78,7842.82,1
832,53,59.43,7814.74,1
833,51,33.14,4607.06,0
834,39,109.98,4010.15,0
835,51,28.1,3064.01,1
836,70,86.22,703.66,0
837,6,149.57,2320.94,0
838,67,125.82,2503.71,0
839,7,99.98,4866.57,0
840,51,59.81,7487.07,0
841,42,101.11,4764.41,1
842,64,88.52,625.55,0
843,15,75.39,9580.01,0
844,29,36.99,9430.11,0
845,33,135.26,7862.64,0
846,27,78.47,9913.71,0
847,36,45.3,5467.6,1
848,29,67.81,9629.55,1
849,38,73.84,802.27,0
850,57,127.58,3688.52,1
851,27,115.37,2292.54,1
852,55,120.01,1998.54,1
853,33,21.43,1450.99,0
854,68,74.1,6243.02,0
855,66,82.57,7824.15,0
856,10,22.49,5804.07,0
857,5,53.78,1512.28,0
858,38,118.84,8120.68,0
859,13,37.82,6377.75,1
860,31,89.59,3912.25,1
861,47,47.98,6757.6,1
862,52,21.58,2636.05,0
863,56,51.36,3484.66,0
864,15,146.86,9178.98,0
865,29,124.2,2940.52,0
866,8,144.74,4726.38,0
867,5,83.42,8906.9,0
868,29,34.27,7091.83,0
869,47,91.23,668.92,1
870,68,79.07,1515.67,0
871,45,129.77,128.02,0
872,2,32.75,6327.67,0
873,27,83.47,4504.35,0
874,36,39.51,1386.03,0
875,36,62.21,9581.44,0
876,26,115.86,5320.11,0
877,43,81.88,2456.84,0
878,27,68.87,5031.01,0
879,69,71.28,6812.22,0
880,20,79.73,808.58,0
881,11,122.05,2783.3,1
882,38,135.97,8079.31,0
883,6,144.19,4623.67,0
884,23,122.3,5488.44,0
885,47,61.0,4356.52,1
886,46,109.46,486.8,1
887,12,76.89,1699.21,0
888,13,53.11,4483.14,0
889,62,129.31,2131.4,1
890,60,25.0,547.29,0
891,43,137.23,8444.31,0
892,68,79.99,9812.87,0
893,5,102.84,7941.77,1
894,37,105.72,8545.16,1
895,31,136.37,2457.67,0
896,9,102.77,9608.24,0
897,51,99.81,2009.41,0
898,29,28.66,9516.73,0
899,40,87.39,9948.45,1
900,41,39.52,7131.64,0
901,11,115.87,9812.38,0
902,23,86.59,5716.92,0
903,1,108.43,2632.44,0
904,46,25.42,4398.11,0
905,21,31.02,5955.93,0
906,36,113.12,777.16,0
907,54,29.37,6242.32,0
908,57,29.26,9812.72,0
909,1,21.57,1941.57,0
910,63,144.35,7936.32,0
911,54,115.88,9083.59,1
912,55,65.92,9439.83,1
913,40,58.55,9603.35,1
914,15,65.46,5238.52,0
915,21,120.7,9774.21,1
916,47,105.98,7585.24,0
917,53,44.08,1658.63,0
918,9,42.63,4795.16,0
919,52,32.79,7197.4,0
920,57,105.84,2511.04,0
921,26,119.37,6424.12,0
922,41,54.46,6682.67,0
923,35,22.72,1668.86,0
924,63,30.68,5672.6,0
925,25,145.82,7727.69,0
926,38,58.41,5014.01,0
927,2,120.0,170.43,1
928,7,101.21,139.93,1
929,34,69.65,3602.44,0
930,17,46.74,9265.63,0
931,43,35.78,2325.33,0
932,59,99.95,6361.92,1
933,51,120.7,2259.65,0
934,54,103.71,3250.62,0
935,24,88.94,8488.02,0
936,25,25.45,7302.17,0
937,71,145.9,999.22,0
938,52,123.83,4315.59,1
939,70,58.07,340.24,0
940,33,147.4,4834.86,0
941,49,98.24,6641.22,1
942,29,95.71,1229.1,1
943,63,117.25,2924.41,0
944,22,125.53,4008.47,0
945,26,105.34,9199.33,0
946,28,36.65,9932.89,1
947,49,63.97,496.87,0
948,71,140.65,7622.03,1
949,49,49.2,3748.65,0
950,20,68.38,3954.96,0
951,63,76.17,7554.94,0
952,61,77.12,9188.34,0
953,49,99.68,9511.74,0
954,71,142.6,5792.37,0
955,1,51.29,3603.36,0
956,13,35.8,7886.11,1
957,51,45.67,2547.46,0
958,56,135.3,5662.54,0
959,62,103.96,3617.86,0
960,32,57.17,6583.48,0
961,30,126.07,2441.97,0
962,29,131.98,1956.35,0
963,49,130.05,9186.48,1
964,45,139.46,1062.95,0
965,30,52.79,5084.28,0
966,16,118.16,2247.49,0
967,40,79.87,437.35,0
968,19,129.46,408.39,0
969,18,114.7,1793.46,1
970,1,120.94,8674.37,1
971,47,105.3,2860.66,0
972,66,43.07,9507.07,0
973,38,90.85,5837.14,0
974,51,148.01,4394.31,0
975,63,141.86,5821.88,0
976,4,25.61,5191.15,0
977,1,41.43,7599.82,0
978,8,37.12,2860.84,0
979,29,114.38,3562.85,0
980,55,126.31,8946.24,0
981,3,47.76,9467.24,0
982,32,85.76,8930.95,0
983,10,129.29,4223.51,1
984,34,115.26,7814.64,0
985,55,90.49,4789.54,0
986,32,96.75,5000.52,0
987,50,86.09,2086.57,1
988,7,58.68,5931.75,0
989,8,93.45,1902.05,0
990,65,109.56,3349.07,0
991,57,133.53,8557.55,0
992,67,102.72,2110.4,1
993,59,118.95,758.02,0
994,54,40.81,736.63,1
995,67,80.0,9410.81,1
996,51,21.21,5093.86,1
997,8,52.07,4123.65,0
998,34,114.44,8118.24,0
999,35,148.94,8366.47,0
1000,32,32.89,3355.3,1
